participant_code,user_id,session_id,quiz_id,session_start_ms,session_start_readable,session_end_ms,session_end_readable,final_score,guess_order,guess_time_ms,guess_time_readable,guessed_word,part_of_speech,correct,score_before_guess,score_after_guess
158a1298-b420-4522-821c-382a283bf51a,27,338,81e320a6-5992-40ee-8331-73d053cae50b,1775605513508,Tue Apr 07 2026 23:45:13 GMT+0200 (heure d’été d’Europe centrale),1775605534872,Tue Apr 07 2026 23:45:34 GMT+0200 (heure d’été d’Europe centrale),300,7,1775605534310,Tue Apr 07 2026 23:45:34 GMT+0200 (heure d’été d’Europe centrale),first,1111,false,300,300
158a1298-b420-4522-821c-382a283bf51a,27,338,81e320a6-5992-40ee-8331-73d053cae50b,1775605513508,Tue Apr 07 2026 23:45:13 GMT+0200 (heure d’été d’Europe centrale),1775605534872,Tue Apr 07 2026 23:45:34 GMT+0200 (heure d’été d’Europe centrale),300,6,1775605531222,Tue Apr 07 2026 23:45:31 GMT+0200 (heure d’été d’Europe centrale),weekend,3333,false,300,300
158a1298-b420-4522-821c-382a283bf51a,27,338,81e320a6-5992-40ee-8331-73d053cae50b,1775605513508,Tue Apr 07 2026 23:45:13 GMT+0200 (heure d’été d’Europe centrale),1775605534872,Tue Apr 07 2026 23:45:34 GMT+0200 (heure d’été d’Europe centrale),300,5,1775605524538,Tue Apr 07 2026 23:45:24 GMT+0200 (heure d’été d’Europe centrale),one,4444,true,200,300
158a1298-b420-4522-821c-382a283bf51a,27,338,81e320a6-5992-40ee-8331-73d053cae50b,1775605513508,Tue Apr 07 2026 23:45:13 GMT+0200 (heure d’été d’Europe centrale),1775605534872,Tue Apr 07 2026 23:45:34 GMT+0200 (heure d’été d’Europe centrale),300,4,1775605521626,Tue Apr 07 2026 23:45:21 GMT+0200 (heure d’été d’Europe centrale),their,2222,true,100,200
158a1298-b420-4522-821c-382a283bf51a,27,338,81e320a6-5992-40ee-8331-73d053cae50b,1775605513508,Tue Apr 07 2026 23:45:13 GMT+0200 (heure d’été d’Europe centrale),1775605534872,Tue Apr 07 2026 23:45:34 GMT+0200 (heure d’été d’Europe centrale),300,3,1775605520231,Tue Apr 07 2026 23:45:20 GMT+0200 (heure d’été d’Europe centrale),the,2222,false,100,100
158a1298-b420-4522-821c-382a283bf51a,27,338,81e320a6-5992-40ee-8331-73d053cae50b,1775605513508,Tue Apr 07 2026 23:45:13 GMT+0200 (heure d’été d’Europe centrale),1775605534872,Tue Apr 07 2026 23:45:34 GMT+0200 (heure d’été d’Europe centrale),300,2,1775605518707,Tue Apr 07 2026 23:45:18 GMT+0200 (heure d’été d’Europe centrale),an,2222,false,100,100
158a1298-b420-4522-821c-382a283bf51a,27,338,81e320a6-5992-40ee-8331-73d053cae50b,1775605513508,Tue Apr 07 2026 23:45:13 GMT+0200 (heure d’été d’Europe centrale),1775605534872,Tue Apr 07 2026 23:45:34 GMT+0200 (heure d’été d’Europe centrale),300,1,1775605516755,Tue Apr 07 2026 23:45:16 GMT+0200 (heure d’été d’Europe centrale),iran,5555,true,0,100
77beead1-b563-46df-9247-5cdef7978c97,2,334,5d504405-ea8e-41b9-a007-0b6f17c7f08b,1775596735352,Tue Apr 07 2026 21:18:55 GMT+0200 (heure d’été d’Europe centrale),1775596802332,Tue Apr 07 2026 21:20:02 GMT+0200 (heure d’été d’Europe centrale),100,14,1775596780963,Tue Apr 07 2026 21:19:40 GMT+0200 (heure d’été d’Europe centrale),poor,1111,false,100,100
77beead1-b563-46df-9247-5cdef7978c97,2,334,5d504405-ea8e-41b9-a007-0b6f17c7f08b,1775596735352,Tue Apr 07 2026 21:18:55 GMT+0200 (heure d’été d’Europe centrale),1775596802332,Tue Apr 07 2026 21:20:02 GMT+0200 (heure d’été d’Europe centrale),100,13,1775596766105,Tue Apr 07 2026 21:19:26 GMT+0200 (heure d’été d’Europe centrale),us,1111,false,100,100
77beead1-b563-46df-9247-5cdef7978c97,2,334,5d504405-ea8e-41b9-a007-0b6f17c7f08b,1775596735352,Tue Apr 07 2026 21:18:55 GMT+0200 (heure d’été d’Europe centrale),1775596802332,Tue Apr 07 2026 21:20:02 GMT+0200 (heure d’été d’Europe centrale),100,12,1775596760597,Tue Apr 07 2026 21:19:20 GMT+0200 (heure d’été d’Europe centrale),dollar,3333,true,0,100
77beead1-b563-46df-9247-5cdef7978c97,2,334,5d504405-ea8e-41b9-a007-0b6f17c7f08b,1775596735352,Tue Apr 07 2026 21:18:55 GMT+0200 (heure d’été d’Europe centrale),1775596802332,Tue Apr 07 2026 21:20:02 GMT+0200 (heure d’été d’Europe centrale),100,11,1775596744404,Tue Apr 07 2026 21:19:04 GMT+0200 (heure d’été d’Europe centrale),they,2222,false,0,0
77beead1-b563-46df-9247-5cdef7978c97,2,333,e245a91a-121b-4c59-875c-cd2b5eddfc44,1775596612624,Tue Apr 07 2026 21:16:52 GMT+0200 (heure d’été d’Europe centrale),1775596689213,Tue Apr 07 2026 21:18:09 GMT+0200 (heure d’été d’Europe centrale),100,10,1775596685364,Tue Apr 07 2026 21:18:05 GMT+0200 (heure d’été d’Europe centrale),young,1111,true,0,100
77beead1-b563-46df-9247-5cdef7978c97,2,333,e245a91a-121b-4c59-875c-cd2b5eddfc44,1775596612624,Tue Apr 07 2026 21:16:52 GMT+0200 (heure d’été d’Europe centrale),1775596689213,Tue Apr 07 2026 21:18:09 GMT+0200 (heure d’été d’Europe centrale),100,9,1775596673514,Tue Apr 07 2026 21:17:53 GMT+0200 (heure d’été d’Europe centrale),6,4444,false,0,0
77beead1-b563-46df-9247-5cdef7978c97,2,333,e245a91a-121b-4c59-875c-cd2b5eddfc44,1775596612624,Tue Apr 07 2026 21:16:52 GMT+0200 (heure d’été d’Europe centrale),1775596689213,Tue Apr 07 2026 21:18:09 GMT+0200 (heure d’été d’Europe centrale),100,8,1775596670827,Tue Apr 07 2026 21:17:50 GMT+0200 (heure d’été d’Europe centrale),two,4444,false,0,0
77beead1-b563-46df-9247-5cdef7978c97,2,333,e245a91a-121b-4c59-875c-cd2b5eddfc44,1775596612624,Tue Apr 07 2026 21:16:52 GMT+0200 (heure d’été d’Europe centrale),1775596689213,Tue Apr 07 2026 21:18:09 GMT+0200 (heure d’été d’Europe centrale),100,7,1775596667886,Tue Apr 07 2026 21:17:47 GMT+0200 (heure d’été d’Europe centrale),one,4444,false,0,0
77beead1-b563-46df-9247-5cdef7978c97,2,333,e245a91a-121b-4c59-875c-cd2b5eddfc44,1775596612624,Tue Apr 07 2026 21:16:52 GMT+0200 (heure d’été d’Europe centrale),1775596689213,Tue Apr 07 2026 21:18:09 GMT+0200 (heure d’été d’Europe centrale),100,6,1775596665802,Tue Apr 07 2026 21:17:45 GMT+0200 (heure d’été d’Europe centrale),1,4444,false,0,0
77beead1-b563-46df-9247-5cdef7978c97,2,333,e245a91a-121b-4c59-875c-cd2b5eddfc44,1775596612624,Tue Apr 07 2026 21:16:52 GMT+0200 (heure d’été d’Europe centrale),1775596689213,Tue Apr 07 2026 21:18:09 GMT+0200 (heure d’été d’Europe centrale),100,5,1775596663379,Tue Apr 07 2026 21:17:43 GMT+0200 (heure d’été d’Europe centrale),2,4444,false,0,0
77beead1-b563-46df-9247-5cdef7978c97,2,333,e245a91a-121b-4c59-875c-cd2b5eddfc44,1775596612624,Tue Apr 07 2026 21:16:52 GMT+0200 (heure d’été d’Europe centrale),1775596689213,Tue Apr 07 2026 21:18:09 GMT+0200 (heure d’été d’Europe centrale),100,4,1775596661059,Tue Apr 07 2026 21:17:41 GMT+0200 (heure d’été d’Europe centrale),3,4444,false,0,0
77beead1-b563-46df-9247-5cdef7978c97,2,333,e245a91a-121b-4c59-875c-cd2b5eddfc44,1775596612624,Tue Apr 07 2026 21:16:52 GMT+0200 (heure d’été d’Europe centrale),1775596689213,Tue Apr 07 2026 21:18:09 GMT+0200 (heure d’été d’Europe centrale),100,3,1775596658835,Tue Apr 07 2026 21:17:38 GMT+0200 (heure d’été d’Europe centrale),4,4444,false,0,0
77beead1-b563-46df-9247-5cdef7978c97,2,333,e245a91a-121b-4c59-875c-cd2b5eddfc44,1775596612624,Tue Apr 07 2026 21:16:52 GMT+0200 (heure d’été d’Europe centrale),1775596689213,Tue Apr 07 2026 21:18:09 GMT+0200 (heure d’été d’Europe centrale),100,2,1775596637612,Tue Apr 07 2026 21:17:17 GMT+0200 (heure d’été d’Europe centrale),wore,6666,false,0,0
77beead1-b563-46df-9247-5cdef7978c97,2,333,e245a91a-121b-4c59-875c-cd2b5eddfc44,1775596612624,Tue Apr 07 2026 21:16:52 GMT+0200 (heure d’été d’Europe centrale),1775596689213,Tue Apr 07 2026 21:18:09 GMT+0200 (heure d’été d’Europe centrale),100,1,1775596632758,Tue Apr 07 2026 21:17:12 GMT+0200 (heure d’été d’Europe centrale),put,6666,false,0,0
a0ecba5e-8414-4b27-8f8a-9afd16aa3bd2,26,331,f71464ff-4f28-4ff0-a124-8048ce77f6c7,1775596302681,Tue Apr 07 2026 21:11:42 GMT+0200 (heure d’été d’Europe centrale),1775596333136,Tue Apr 07 2026 21:12:13 GMT+0200 (heure d’été d’Europe centrale),100,8,1775596331190,Tue Apr 07 2026 21:12:11 GMT+0200 (heure d’été d’Europe centrale),1996,4444,true,0,100
a0ecba5e-8414-4b27-8f8a-9afd16aa3bd2,26,331,f71464ff-4f28-4ff0-a124-8048ce77f6c7,1775596302681,Tue Apr 07 2026 21:11:42 GMT+0200 (heure d’été d’Europe centrale),1775596333136,Tue Apr 07 2026 21:12:13 GMT+0200 (heure d’été d’Europe centrale),100,7,1775596329651,Tue Apr 07 2026 21:12:09 GMT+0200 (heure d’été d’Europe centrale),1007,4444,false,0,0
a0ecba5e-8414-4b27-8f8a-9afd16aa3bd2,26,331,f71464ff-4f28-4ff0-a124-8048ce77f6c7,1775596302681,Tue Apr 07 2026 21:11:42 GMT+0200 (heure d’été d’Europe centrale),1775596333136,Tue Apr 07 2026 21:12:13 GMT+0200 (heure d’été d’Europe centrale),100,6,1775596325023,Tue Apr 07 2026 21:12:05 GMT+0200 (heure d’été d’Europe centrale),life,3333,false,0,0
a0ecba5e-8414-4b27-8f8a-9afd16aa3bd2,26,331,f71464ff-4f28-4ff0-a124-8048ce77f6c7,1775596302681,Tue Apr 07 2026 21:11:42 GMT+0200 (heure d’été d’Europe centrale),1775596333136,Tue Apr 07 2026 21:12:13 GMT+0200 (heure d’été d’Europe centrale),100,5,1775596317623,Tue Apr 07 2026 21:11:57 GMT+0200 (heure d’été d’Europe centrale),before,2222,false,0,0
a0ecba5e-8414-4b27-8f8a-9afd16aa3bd2,26,331,f71464ff-4f28-4ff0-a124-8048ce77f6c7,1775596302681,Tue Apr 07 2026 21:11:42 GMT+0200 (heure d’été d’Europe centrale),1775596333136,Tue Apr 07 2026 21:12:13 GMT+0200 (heure d’été d’Europe centrale),100,4,1775596316187,Tue Apr 07 2026 21:11:56 GMT+0200 (heure d’été d’Europe centrale),follwoing,2222,false,0,0
a0ecba5e-8414-4b27-8f8a-9afd16aa3bd2,26,331,f71464ff-4f28-4ff0-a124-8048ce77f6c7,1775596302681,Tue Apr 07 2026 21:11:42 GMT+0200 (heure d’été d’Europe centrale),1775596333136,Tue Apr 07 2026 21:12:13 GMT+0200 (heure d’été d’Europe centrale),100,3,1775596313006,Tue Apr 07 2026 21:11:53 GMT+0200 (heure d’été d’Europe centrale),since,2222,false,0,0
a0ecba5e-8414-4b27-8f8a-9afd16aa3bd2,26,331,f71464ff-4f28-4ff0-a124-8048ce77f6c7,1775596302681,Tue Apr 07 2026 21:11:42 GMT+0200 (heure d’été d’Europe centrale),1775596333136,Tue Apr 07 2026 21:12:13 GMT+0200 (heure d’été d’Europe centrale),100,2,1775596310888,Tue Apr 07 2026 21:11:50 GMT+0200 (heure d’été d’Europe centrale),after,2222,false,0,0
a0ecba5e-8414-4b27-8f8a-9afd16aa3bd2,26,331,f71464ff-4f28-4ff0-a124-8048ce77f6c7,1775596302681,Tue Apr 07 2026 21:11:42 GMT+0200 (heure d’été d’Europe centrale),1775596333136,Tue Apr 07 2026 21:12:13 GMT+0200 (heure d’été d’Europe centrale),100,1,1775596305162,Tue Apr 07 2026 21:11:45 GMT+0200 (heure d’été d’Europe centrale),on,2222,false,0,0
a0ecba5e-8414-4b27-8f8a-9afd16aa3bd2,26,330,5c0112cf-03bd-417d-875d-aabe6573f0b3,1775595598183,Tue Apr 07 2026 20:59:58 GMT+0200 (heure d’été d’Europe centrale),1775595601998,Tue Apr 07 2026 21:00:01 GMT+0200 (heure d’été d’Europe centrale),100,1,1775595600998,Tue Apr 07 2026 21:00:00 GMT+0200 (heure d’été d’Europe centrale),on,2222,true,0,100
74b1ef73-ee96-4e7a-ba86-e168de883a98,25,329,fdf8ee2a-a840-4496-b0b7-afff2dbed0b1,1775595351130,Tue Apr 07 2026 20:55:51 GMT+0200 (heure d’été d’Europe centrale),1775595356404,Tue Apr 07 2026 20:55:56 GMT+0200 (heure d’été d’Europe centrale),100,1,1775595354728,Tue Apr 07 2026 20:55:54 GMT+0200 (heure d’été d’Europe centrale),to,2222,true,0,100
80021c8e-774b-477d-bbd3-3105187c72cd,24,328,002fda55-233c-43c8-8e26-44f4984bafd7,1775594942521,Tue Apr 07 2026 20:49:02 GMT+0200 (heure d’été d’Europe centrale),1775594947382,Tue Apr 07 2026 20:49:07 GMT+0200 (heure d’été d’Europe centrale),100,1,1775594946053,Tue Apr 07 2026 20:49:06 GMT+0200 (heure d’été d’Europe centrale),in,2222,true,0,100
5f415d90-6e2f-4dae-a16b-e8da9cf84ec1,23,327,5c0112cf-03bd-417d-875d-aabe6573f0b3,1775594410943,Tue Apr 07 2026 20:40:10 GMT+0200 (heure d’été d’Europe centrale),1775594415002,Tue Apr 07 2026 20:40:15 GMT+0200 (heure d’été d’Europe centrale),100,1,1775594413330,Tue Apr 07 2026 20:40:13 GMT+0200 (heure d’été d’Europe centrale),on,2222,true,0,100
31046340-bbfb-4b72-b964-849c99a33d93,22,324,2420e6e0-5e2f-4dab-998c-a50b382c89cf,1775589631193,Tue Apr 07 2026 19:20:31 GMT+0200 (heure d’été d’Europe centrale),1775589662272,Tue Apr 07 2026 19:21:02 GMT+0200 (heure d’été d’Europe centrale),200,6,1775589659459,Tue Apr 07 2026 19:20:59 GMT+0200 (heure d’été d’Europe centrale),director,3333,true,100,200
31046340-bbfb-4b72-b964-849c99a33d93,22,324,2420e6e0-5e2f-4dab-998c-a50b382c89cf,1775589631193,Tue Apr 07 2026 19:20:31 GMT+0200 (heure d’été d’Europe centrale),1775589662272,Tue Apr 07 2026 19:21:02 GMT+0200 (heure d’été d’Europe centrale),200,5,1775589654744,Tue Apr 07 2026 19:20:54 GMT+0200 (heure d’été d’Europe centrale),wounded,6666,true,0,100
31046340-bbfb-4b72-b964-849c99a33d93,22,324,2420e6e0-5e2f-4dab-998c-a50b382c89cf,1775589631193,Tue Apr 07 2026 19:20:31 GMT+0200 (heure d’été d’Europe centrale),1775589662272,Tue Apr 07 2026 19:21:02 GMT+0200 (heure d’été d’Europe centrale),200,4,1775589640293,Tue Apr 07 2026 19:20:40 GMT+0200 (heure d’été d’Europe centrale),after,2222,false,0,0
31046340-bbfb-4b72-b964-849c99a33d93,22,324,2420e6e0-5e2f-4dab-998c-a50b382c89cf,1775589631193,Tue Apr 07 2026 19:20:31 GMT+0200 (heure d’été d’Europe centrale),1775589662272,Tue Apr 07 2026 19:21:02 GMT+0200 (heure d’été d’Europe centrale),200,3,1775589638282,Tue Apr 07 2026 19:20:38 GMT+0200 (heure d’été d’Europe centrale),for,2222,false,0,0
31046340-bbfb-4b72-b964-849c99a33d93,22,324,2420e6e0-5e2f-4dab-998c-a50b382c89cf,1775589631193,Tue Apr 07 2026 19:20:31 GMT+0200 (heure d’été d’Europe centrale),1775589662272,Tue Apr 07 2026 19:21:02 GMT+0200 (heure d’été d’Europe centrale),200,2,1775589636218,Tue Apr 07 2026 19:20:36 GMT+0200 (heure d’été d’Europe centrale),south,2222,false,0,0
31046340-bbfb-4b72-b964-849c99a33d93,22,324,2420e6e0-5e2f-4dab-998c-a50b382c89cf,1775589631193,Tue Apr 07 2026 19:20:31 GMT+0200 (heure d’été d’Europe centrale),1775589662272,Tue Apr 07 2026 19:21:02 GMT+0200 (heure d’été d’Europe centrale),200,1,1775589635018,Tue Apr 07 2026 19:20:35 GMT+0200 (heure d’été d’Europe centrale),the,2222,false,0,0
e104fced-490c-44ab-b76a-8adf237e35f6,20,319,639747b9-eede-42c2-ae07-76c1976dc770,1775587288770,Tue Apr 07 2026 18:41:28 GMT+0200 (heure d’été d’Europe centrale),1775587296680,Tue Apr 07 2026 18:41:36 GMT+0200 (heure d’été d’Europe centrale),100,1,1775587294023,Tue Apr 07 2026 18:41:34 GMT+0200 (heure d’été d’Europe centrale),to,2222,true,0,100
284c6469-7075-40bf-9ce6-d002c339670b,21,316,7ca06908-1bd4-4410-a6de-6fa6cbbc8864,1775585743589,Tue Apr 07 2026 18:15:43 GMT+0200 (heure d’été d’Europe centrale),1775585766937,Tue Apr 07 2026 18:16:06 GMT+0200 (heure d’été d’Europe centrale),400,5,1775585766242,Tue Apr 07 2026 18:16:06 GMT+0200 (heure d’été d’Europe centrale),iran,5555,true,300,400
284c6469-7075-40bf-9ce6-d002c339670b,21,316,7ca06908-1bd4-4410-a6de-6fa6cbbc8864,1775585743589,Tue Apr 07 2026 18:15:43 GMT+0200 (heure d’été d’Europe centrale),1775585766937,Tue Apr 07 2026 18:16:06 GMT+0200 (heure d’été d’Europe centrale),400,4,1775585763365,Tue Apr 07 2026 18:16:03 GMT+0200 (heure d’été d’Europe centrale),spoke,6666,true,200,300
284c6469-7075-40bf-9ce6-d002c339670b,21,316,7ca06908-1bd4-4410-a6de-6fa6cbbc8864,1775585743589,Tue Apr 07 2026 18:15:43 GMT+0200 (heure d’été d’Europe centrale),1775585766937,Tue Apr 07 2026 18:16:06 GMT+0200 (heure d’été d’Europe centrale),400,3,1775585758645,Tue Apr 07 2026 18:15:58 GMT+0200 (heure d’été d’Europe centrale),turbulent,1111,false,200,200
284c6469-7075-40bf-9ce6-d002c339670b,21,316,7ca06908-1bd4-4410-a6de-6fa6cbbc8864,1775585743589,Tue Apr 07 2026 18:15:43 GMT+0200 (heure d’été d’Europe centrale),1775585766937,Tue Apr 07 2026 18:16:06 GMT+0200 (heure d’été d’Europe centrale),400,2,1775585752546,Tue Apr 07 2026 18:15:52 GMT+0200 (heure d’été d’Europe centrale),policy,3333,true,100,200
284c6469-7075-40bf-9ce6-d002c339670b,21,316,7ca06908-1bd4-4410-a6de-6fa6cbbc8864,1775585743589,Tue Apr 07 2026 18:15:43 GMT+0200 (heure d’été d’Europe centrale),1775585766937,Tue Apr 07 2026 18:16:06 GMT+0200 (heure d’été d’Europe centrale),400,1,1775585746824,Tue Apr 07 2026 18:15:46 GMT+0200 (heure d’été d’Europe centrale),in,2222,true,0,100
6a5a2938-bb01-4ed0-a69c-24c19a057866,1,315,81e320a6-5992-40ee-8331-73d053cae50b,1775585660435,Tue Apr 07 2026 18:14:20 GMT+0200 (heure d’été d’Europe centrale),1775585706428,Tue Apr 07 2026 18:15:06 GMT+0200 (heure d’été d’Europe centrale),200,12,1775585705691,Tue Apr 07 2026 18:15:05 GMT+0200 (heure d’été d’Europe centrale),iran,5555,true,100,200
6a5a2938-bb01-4ed0-a69c-24c19a057866,1,315,81e320a6-5992-40ee-8331-73d053cae50b,1775585660435,Tue Apr 07 2026 18:14:20 GMT+0200 (heure d’été d’Europe centrale),1775585706428,Tue Apr 07 2026 18:15:06 GMT+0200 (heure d’été d’Europe centrale),200,11,1775585702712,Tue Apr 07 2026 18:15:02 GMT+0200 (heure d’été d’Europe centrale),fresh,6666,false,100,100
6a5a2938-bb01-4ed0-a69c-24c19a057866,1,315,81e320a6-5992-40ee-8331-73d053cae50b,1775585660435,Tue Apr 07 2026 18:14:20 GMT+0200 (heure d’été d’Europe centrale),1775585706428,Tue Apr 07 2026 18:15:06 GMT+0200 (heure d’été d’Europe centrale),200,10,1775585697741,Tue Apr 07 2026 18:14:57 GMT+0200 (heure d’été d’Europe centrale),new,6666,false,100,100
6a5a2938-bb01-4ed0-a69c-24c19a057866,1,315,81e320a6-5992-40ee-8331-73d053cae50b,1775585660435,Tue Apr 07 2026 18:14:20 GMT+0200 (heure d’été d’Europe centrale),1775585706428,Tue Apr 07 2026 18:15:06 GMT+0200 (heure d’été d’Europe centrale),200,9,1775585695239,Tue Apr 07 2026 18:14:55 GMT+0200 (heure d’été d’Europe centrale),different,6666,false,100,100
6a5a2938-bb01-4ed0-a69c-24c19a057866,1,315,81e320a6-5992-40ee-8331-73d053cae50b,1775585660435,Tue Apr 07 2026 18:14:20 GMT+0200 (heure d’été d’Europe centrale),1775585706428,Tue Apr 07 2026 18:15:06 GMT+0200 (heure d’été d’Europe centrale),200,8,1775585692454,Tue Apr 07 2026 18:14:52 GMT+0200 (heure d’été d’Europe centrale),distinct,6666,false,100,100
6a5a2938-bb01-4ed0-a69c-24c19a057866,1,315,81e320a6-5992-40ee-8331-73d053cae50b,1775585660435,Tue Apr 07 2026 18:14:20 GMT+0200 (heure d’été d’Europe centrale),1775585706428,Tue Apr 07 2026 18:15:06 GMT+0200 (heure d’été d’Europe centrale),200,7,1775585689977,Tue Apr 07 2026 18:14:49 GMT+0200 (heure d’été d’Europe centrale),types,6666,false,100,100
6a5a2938-bb01-4ed0-a69c-24c19a057866,1,315,81e320a6-5992-40ee-8331-73d053cae50b,1775585660435,Tue Apr 07 2026 18:14:20 GMT+0200 (heure d’été d’Europe centrale),1775585706428,Tue Apr 07 2026 18:15:06 GMT+0200 (heure d’été d’Europe centrale),200,6,1775585686732,Tue Apr 07 2026 18:14:46 GMT+0200 (heure d’été d’Europe centrale),earliest,1111,false,100,100
6a5a2938-bb01-4ed0-a69c-24c19a057866,1,315,81e320a6-5992-40ee-8331-73d053cae50b,1775585660435,Tue Apr 07 2026 18:14:20 GMT+0200 (heure d’été d’Europe centrale),1775585706428,Tue Apr 07 2026 18:15:06 GMT+0200 (heure d’été d’Europe centrale),200,5,1775585684150,Tue Apr 07 2026 18:14:44 GMT+0200 (heure d’été d’Europe centrale),early,1111,false,100,100
6a5a2938-bb01-4ed0-a69c-24c19a057866,1,315,81e320a6-5992-40ee-8331-73d053cae50b,1775585660435,Tue Apr 07 2026 18:14:20 GMT+0200 (heure d’été d’Europe centrale),1775585706428,Tue Apr 07 2026 18:15:06 GMT+0200 (heure d’été d’Europe centrale),200,4,1775585680550,Tue Apr 07 2026 18:14:40 GMT+0200 (heure d’été d’Europe centrale),second,1111,false,100,100
6a5a2938-bb01-4ed0-a69c-24c19a057866,1,315,81e320a6-5992-40ee-8331-73d053cae50b,1775585660435,Tue Apr 07 2026 18:14:20 GMT+0200 (heure d’été d’Europe centrale),1775585706428,Tue Apr 07 2026 18:15:06 GMT+0200 (heure d’été d’Europe centrale),200,3,1775585678179,Tue Apr 07 2026 18:14:38 GMT+0200 (heure d’été d’Europe centrale),opening,1111,false,100,100
6a5a2938-bb01-4ed0-a69c-24c19a057866,1,315,81e320a6-5992-40ee-8331-73d053cae50b,1775585660435,Tue Apr 07 2026 18:14:20 GMT+0200 (heure d’été d’Europe centrale),1775585706428,Tue Apr 07 2026 18:15:06 GMT+0200 (heure d’été d’Europe centrale),200,2,1775585668205,Tue Apr 07 2026 18:14:28 GMT+0200 (heure d’été d’Europe centrale),their,2222,true,0,100
6a5a2938-bb01-4ed0-a69c-24c19a057866,1,315,81e320a6-5992-40ee-8331-73d053cae50b,1775585660435,Tue Apr 07 2026 18:14:20 GMT+0200 (heure d’été d’Europe centrale),1775585706428,Tue Apr 07 2026 18:15:06 GMT+0200 (heure d’été d’Europe centrale),200,1,1775585663329,Tue Apr 07 2026 18:14:23 GMT+0200 (heure d’été d’Europe centrale),an,2222,false,0,0
e104fced-490c-44ab-b76a-8adf237e35f6,20,314,aacb0878-720a-4780-9606-aed58b729b2e,1775583768167,Tue Apr 07 2026 17:42:48 GMT+0200 (heure d’été d’Europe centrale),1775583798311,Tue Apr 07 2026 17:43:18 GMT+0200 (heure d’été d’Europe centrale),400,7,1775583796677,Tue Apr 07 2026 17:43:16 GMT+0200 (heure d’été d’Europe centrale),in,2222,true,300,400
e104fced-490c-44ab-b76a-8adf237e35f6,20,314,aacb0878-720a-4780-9606-aed58b729b2e,1775583768167,Tue Apr 07 2026 17:42:48 GMT+0200 (heure d’été d’Europe centrale),1775583798311,Tue Apr 07 2026 17:43:18 GMT+0200 (heure d’été d’Europe centrale),400,6,1775583795536,Tue Apr 07 2026 17:43:15 GMT+0200 (heure d’été d’Europe centrale),un,2222,false,300,300
e104fced-490c-44ab-b76a-8adf237e35f6,20,314,aacb0878-720a-4780-9606-aed58b729b2e,1775583768167,Tue Apr 07 2026 17:42:48 GMT+0200 (heure d’été d’Europe centrale),1775583798311,Tue Apr 07 2026 17:43:18 GMT+0200 (heure d’été d’Europe centrale),400,5,1775583791664,Tue Apr 07 2026 17:43:11 GMT+0200 (heure d’été d’Europe centrale),state,1111,false,300,300
e104fced-490c-44ab-b76a-8adf237e35f6,20,314,aacb0878-720a-4780-9606-aed58b729b2e,1775583768167,Tue Apr 07 2026 17:42:48 GMT+0200 (heure d’été d’Europe centrale),1775583798311,Tue Apr 07 2026 17:43:18 GMT+0200 (heure d’été d’Europe centrale),400,4,1775583789982,Tue Apr 07 2026 17:43:09 GMT+0200 (heure d’été d’Europe centrale),bolivian,1111,false,300,300
e104fced-490c-44ab-b76a-8adf237e35f6,20,314,aacb0878-720a-4780-9606-aed58b729b2e,1775583768167,Tue Apr 07 2026 17:42:48 GMT+0200 (heure d’été d’Europe centrale),1775583798311,Tue Apr 07 2026 17:43:18 GMT+0200 (heure d’été d’Europe centrale),400,3,1775583784148,Tue Apr 07 2026 17:43:04 GMT+0200 (heure d’été d’Europe centrale),arrested,6666,true,200,300
e104fced-490c-44ab-b76a-8adf237e35f6,20,314,aacb0878-720a-4780-9606-aed58b729b2e,1775583768167,Tue Apr 07 2026 17:42:48 GMT+0200 (heure d’été d’Europe centrale),1775583798311,Tue Apr 07 2026 17:43:18 GMT+0200 (heure d’été d’Europe centrale),400,2,1775583779941,Tue Apr 07 2026 17:42:59 GMT+0200 (heure d’été d’Europe centrale),one,4444,true,100,200
e104fced-490c-44ab-b76a-8adf237e35f6,20,314,aacb0878-720a-4780-9606-aed58b729b2e,1775583768167,Tue Apr 07 2026 17:42:48 GMT+0200 (heure d’été d’Europe centrale),1775583798311,Tue Apr 07 2026 17:43:18 GMT+0200 (heure d’été d’Europe centrale),400,1,1775583774298,Tue Apr 07 2026 17:42:54 GMT+0200 (heure d’été d’Europe centrale),tonnes,3333,true,0,100
e104fced-490c-44ab-b76a-8adf237e35f6,20,313,e245a91a-121b-4c59-875c-cd2b5eddfc44,1775583528788,Tue Apr 07 2026 17:38:48 GMT+0200 (heure d’été d’Europe centrale),1775583576378,Tue Apr 07 2026 17:39:36 GMT+0200 (heure d’été d’Europe centrale),300,14,1775583574366,Tue Apr 07 2026 17:39:34 GMT+0200 (heure d’été d’Europe centrale),cover,3333,true,200,300
e104fced-490c-44ab-b76a-8adf237e35f6,20,313,e245a91a-121b-4c59-875c-cd2b5eddfc44,1775583528788,Tue Apr 07 2026 17:38:48 GMT+0200 (heure d’été d’Europe centrale),1775583576378,Tue Apr 07 2026 17:39:36 GMT+0200 (heure d’été d’Europe centrale),300,13,1775583570327,Tue Apr 07 2026 17:39:30 GMT+0200 (heure d’été d’Europe centrale),three,4444,true,100,200
e104fced-490c-44ab-b76a-8adf237e35f6,20,313,e245a91a-121b-4c59-875c-cd2b5eddfc44,1775583528788,Tue Apr 07 2026 17:38:48 GMT+0200 (heure d’été d’Europe centrale),1775583576378,Tue Apr 07 2026 17:39:36 GMT+0200 (heure d’été d’Europe centrale),300,12,1775583567194,Tue Apr 07 2026 17:39:27 GMT+0200 (heure d’été d’Europe centrale),aported,6666,false,100,100
e104fced-490c-44ab-b76a-8adf237e35f6,20,313,e245a91a-121b-4c59-875c-cd2b5eddfc44,1775583528788,Tue Apr 07 2026 17:38:48 GMT+0200 (heure d’été d’Europe centrale),1775583576378,Tue Apr 07 2026 17:39:36 GMT+0200 (heure d’été d’Europe centrale),300,11,1775583559781,Tue Apr 07 2026 17:39:19 GMT+0200 (heure d’été d’Europe centrale),wore,6666,false,100,100
e104fced-490c-44ab-b76a-8adf237e35f6,20,313,e245a91a-121b-4c59-875c-cd2b5eddfc44,1775583528788,Tue Apr 07 2026 17:38:48 GMT+0200 (heure d’été d’Europe centrale),1775583576378,Tue Apr 07 2026 17:39:36 GMT+0200 (heure d’été d’Europe centrale),300,10,1775583556933,Tue Apr 07 2026 17:39:16 GMT+0200 (heure d’été d’Europe centrale),held,6666,false,100,100
e104fced-490c-44ab-b76a-8adf237e35f6,20,313,e245a91a-121b-4c59-875c-cd2b5eddfc44,1775583528788,Tue Apr 07 2026 17:38:48 GMT+0200 (heure d’été d’Europe centrale),1775583576378,Tue Apr 07 2026 17:39:36 GMT+0200 (heure d’été d’Europe centrale),300,9,1775583550387,Tue Apr 07 2026 17:39:10 GMT+0200 (heure d’été d’Europe centrale),tilted,6666,false,100,100
e104fced-490c-44ab-b76a-8adf237e35f6,20,313,e245a91a-121b-4c59-875c-cd2b5eddfc44,1775583528788,Tue Apr 07 2026 17:38:48 GMT+0200 (heure d’été d’Europe centrale),1775583576378,Tue Apr 07 2026 17:39:36 GMT+0200 (heure d’été d’Europe centrale),300,8,1775583546340,Tue Apr 07 2026 17:39:06 GMT+0200 (heure d’été d’Europe centrale),raised,6666,false,100,100
e104fced-490c-44ab-b76a-8adf237e35f6,20,313,e245a91a-121b-4c59-875c-cd2b5eddfc44,1775583528788,Tue Apr 07 2026 17:38:48 GMT+0200 (heure d’été d’Europe centrale),1775583576378,Tue Apr 07 2026 17:39:36 GMT+0200 (heure d’été d’Europe centrale),300,7,1775583543599,Tue Apr 07 2026 17:39:03 GMT+0200 (heure d’été d’Europe centrale),tipped,6666,false,100,100
e104fced-490c-44ab-b76a-8adf237e35f6,20,313,e245a91a-121b-4c59-875c-cd2b5eddfc44,1775583528788,Tue Apr 07 2026 17:38:48 GMT+0200 (heure d’été d’Europe centrale),1775583576378,Tue Apr 07 2026 17:39:36 GMT+0200 (heure d’été d’Europe centrale),300,6,1775583541927,Tue Apr 07 2026 17:39:01 GMT+0200 (heure d’été d’Europe centrale),lower,6666,false,100,100
e104fced-490c-44ab-b76a-8adf237e35f6,20,313,e245a91a-121b-4c59-875c-cd2b5eddfc44,1775583528788,Tue Apr 07 2026 17:38:48 GMT+0200 (heure d’été d’Europe centrale),1775583576378,Tue Apr 07 2026 17:39:36 GMT+0200 (heure d’été d’Europe centrale),300,5,1775583536322,Tue Apr 07 2026 17:38:56 GMT+0200 (heure d’été d’Europe centrale),toward,2222,true,0,100
e104fced-490c-44ab-b76a-8adf237e35f6,20,313,e245a91a-121b-4c59-875c-cd2b5eddfc44,1775583528788,Tue Apr 07 2026 17:38:48 GMT+0200 (heure d’été d’Europe centrale),1775583576378,Tue Apr 07 2026 17:39:36 GMT+0200 (heure d’été d’Europe centrale),300,4,1775583534449,Tue Apr 07 2026 17:38:54 GMT+0200 (heure d’été d’Europe centrale),for,2222,false,0,0
e104fced-490c-44ab-b76a-8adf237e35f6,20,313,e245a91a-121b-4c59-875c-cd2b5eddfc44,1775583528788,Tue Apr 07 2026 17:38:48 GMT+0200 (heure d’été d’Europe centrale),1775583576378,Tue Apr 07 2026 17:39:36 GMT+0200 (heure d’été d’Europe centrale),300,3,1775583532731,Tue Apr 07 2026 17:38:52 GMT+0200 (heure d’été d’Europe centrale),to,2222,false,0,0
e104fced-490c-44ab-b76a-8adf237e35f6,20,313,e245a91a-121b-4c59-875c-cd2b5eddfc44,1775583528788,Tue Apr 07 2026 17:38:48 GMT+0200 (heure d’été d’Europe centrale),1775583576378,Tue Apr 07 2026 17:39:36 GMT+0200 (heure d’été d’Europe centrale),300,2,1775583532101,Tue Apr 07 2026 17:38:52 GMT+0200 (heure d’été d’Europe centrale),in,2222,false,0,0
e104fced-490c-44ab-b76a-8adf237e35f6,20,313,e245a91a-121b-4c59-875c-cd2b5eddfc44,1775583528788,Tue Apr 07 2026 17:38:48 GMT+0200 (heure d’été d’Europe centrale),1775583576378,Tue Apr 07 2026 17:39:36 GMT+0200 (heure d’été d’Europe centrale),300,1,1775583531128,Tue Apr 07 2026 17:38:51 GMT+0200 (heure d’été d’Europe centrale),from,2222,false,0,0
b30e5855-cec0-46bf-8ab4-d499e1173e37,19,291,aacb0878-720a-4780-9606-aed58b729b2e,1775265886416,Sat Apr 04 2026 01:24:46 GMT+0200 (heure d’été d’Europe centrale),1775265983610,Sat Apr 04 2026 01:26:23 GMT+0200 (heure d’été d’Europe centrale),500,12,1775265981208,Sat Apr 04 2026 01:26:21 GMT+0200 (heure d’été d’Europe centrale),prominent,1111,false,500,500
b30e5855-cec0-46bf-8ab4-d499e1173e37,19,291,aacb0878-720a-4780-9606-aed58b729b2e,1775265886416,Sat Apr 04 2026 01:24:46 GMT+0200 (heure d’été d’Europe centrale),1775265983610,Sat Apr 04 2026 01:26:23 GMT+0200 (heure d’été d’Europe centrale),500,11,1775265975532,Sat Apr 04 2026 01:26:15 GMT+0200 (heure d’été d’Europe centrale),national,1111,false,500,500
b30e5855-cec0-46bf-8ab4-d499e1173e37,19,291,aacb0878-720a-4780-9606-aed58b729b2e,1775265886416,Sat Apr 04 2026 01:24:46 GMT+0200 (heure d’été d’Europe centrale),1775265983610,Sat Apr 04 2026 01:26:23 GMT+0200 (heure d’été d’Europe centrale),500,10,1775265972615,Sat Apr 04 2026 01:26:12 GMT+0200 (heure d’été d’Europe centrale),current,1111,false,500,500
b30e5855-cec0-46bf-8ab4-d499e1173e37,19,291,aacb0878-720a-4780-9606-aed58b729b2e,1775265886416,Sat Apr 04 2026 01:24:46 GMT+0200 (heure d’été d’Europe centrale),1775265983610,Sat Apr 04 2026 01:26:23 GMT+0200 (heure d’été d’Europe centrale),500,9,1775265970043,Sat Apr 04 2026 01:26:10 GMT+0200 (heure d’été d’Europe centrale),former,1111,false,500,500
b30e5855-cec0-46bf-8ab4-d499e1173e37,19,291,aacb0878-720a-4780-9606-aed58b729b2e,1775265886416,Sat Apr 04 2026 01:24:46 GMT+0200 (heure d’été d’Europe centrale),1775265983610,Sat Apr 04 2026 01:26:23 GMT+0200 (heure d’été d’Europe centrale),500,8,1775265950883,Sat Apr 04 2026 01:25:50 GMT+0200 (heure d’été d’Europe centrale),local,1111,false,500,500
b30e5855-cec0-46bf-8ab4-d499e1173e37,19,291,aacb0878-720a-4780-9606-aed58b729b2e,1775265886416,Sat Apr 04 2026 01:24:46 GMT+0200 (heure d’été d’Europe centrale),1775265983610,Sat Apr 04 2026 01:26:23 GMT+0200 (heure d’été d’Europe centrale),500,7,1775265944803,Sat Apr 04 2026 01:25:44 GMT+0200 (heure d’été d’Europe centrale),us,5555,true,400,500
b30e5855-cec0-46bf-8ab4-d499e1173e37,19,291,aacb0878-720a-4780-9606-aed58b729b2e,1775265886416,Sat Apr 04 2026 01:24:46 GMT+0200 (heure d’été d’Europe centrale),1775265983610,Sat Apr 04 2026 01:26:23 GMT+0200 (heure d’été d’Europe centrale),500,6,1775265938885,Sat Apr 04 2026 01:25:38 GMT+0200 (heure d’été d’Europe centrale),in,2222,true,300,400
b30e5855-cec0-46bf-8ab4-d499e1173e37,19,291,aacb0878-720a-4780-9606-aed58b729b2e,1775265886416,Sat Apr 04 2026 01:24:46 GMT+0200 (heure d’été d’Europe centrale),1775265983610,Sat Apr 04 2026 01:26:23 GMT+0200 (heure d’été d’Europe centrale),500,5,1775265932014,Sat Apr 04 2026 01:25:32 GMT+0200 (heure d’été d’Europe centrale),legal,1111,false,300,300
b30e5855-cec0-46bf-8ab4-d499e1173e37,19,291,aacb0878-720a-4780-9606-aed58b729b2e,1775265886416,Sat Apr 04 2026 01:24:46 GMT+0200 (heure d’été d’Europe centrale),1775265983610,Sat Apr 04 2026 01:26:23 GMT+0200 (heure d’été d’Europe centrale),500,4,1775265928034,Sat Apr 04 2026 01:25:28 GMT+0200 (heure d’été d’Europe centrale),state,1111,false,300,300
b30e5855-cec0-46bf-8ab4-d499e1173e37,19,291,aacb0878-720a-4780-9606-aed58b729b2e,1775265886416,Sat Apr 04 2026 01:24:46 GMT+0200 (heure d’été d’Europe centrale),1775265983610,Sat Apr 04 2026 01:26:23 GMT+0200 (heure d’été d’Europe centrale),500,3,1775265921777,Sat Apr 04 2026 01:25:21 GMT+0200 (heure d’été d’Europe centrale),tonnes,3333,true,200,300
b30e5855-cec0-46bf-8ab4-d499e1173e37,19,291,aacb0878-720a-4780-9606-aed58b729b2e,1775265886416,Sat Apr 04 2026 01:24:46 GMT+0200 (heure d’été d’Europe centrale),1775265983610,Sat Apr 04 2026 01:26:23 GMT+0200 (heure d’été d’Europe centrale),500,2,1775265914465,Sat Apr 04 2026 01:25:14 GMT+0200 (heure d’été d’Europe centrale),arrested,6666,true,100,200
b30e5855-cec0-46bf-8ab4-d499e1173e37,19,291,aacb0878-720a-4780-9606-aed58b729b2e,1775265886416,Sat Apr 04 2026 01:24:46 GMT+0200 (heure d’été d’Europe centrale),1775265983610,Sat Apr 04 2026 01:26:23 GMT+0200 (heure d’été d’Europe centrale),500,1,1775265896440,Sat Apr 04 2026 01:24:56 GMT+0200 (heure d’été d’Europe centrale),one,4444,true,0,100
6a5a2938-bb01-4ed0-a69c-24c19a057866,1,289,0dabae83-9f6b-4103-8a6f-e1782f088964,1775141181010,Thu Apr 02 2026 14:46:21 GMT+0200 (heure d’été d’Europe centrale),1775141303400,Thu Apr 02 2026 14:48:23 GMT+0200 (heure d’été d’Europe centrale),500,36,1775141300777,Thu Apr 02 2026 14:48:20 GMT+0200 (heure d’été d’Europe centrale),national,1111,true,400,500
6a5a2938-bb01-4ed0-a69c-24c19a057866,1,289,0dabae83-9f6b-4103-8a6f-e1782f088964,1775141181010,Thu Apr 02 2026 14:46:21 GMT+0200 (heure d’été d’Europe centrale),1775141303400,Thu Apr 02 2026 14:48:23 GMT+0200 (heure d’été d’Europe centrale),500,35,1775141298045,Thu Apr 02 2026 14:48:18 GMT+0200 (heure d’été d’Europe centrale),home,1111,false,400,400
6a5a2938-bb01-4ed0-a69c-24c19a057866,1,289,0dabae83-9f6b-4103-8a6f-e1782f088964,1775141181010,Thu Apr 02 2026 14:46:21 GMT+0200 (heure d’été d’Europe centrale),1775141303400,Thu Apr 02 2026 14:48:23 GMT+0200 (heure d’été d’Europe centrale),500,34,1775141294816,Thu Apr 02 2026 14:48:14 GMT+0200 (heure d’été d’Europe centrale),domestic,1111,false,400,400
6a5a2938-bb01-4ed0-a69c-24c19a057866,1,289,0dabae83-9f6b-4103-8a6f-e1782f088964,1775141181010,Thu Apr 02 2026 14:46:21 GMT+0200 (heure d’été d’Europe centrale),1775141303400,Thu Apr 02 2026 14:48:23 GMT+0200 (heure d’été d’Europe centrale),500,33,1775141289421,Thu Apr 02 2026 14:48:09 GMT+0200 (heure d’été d’Europe centrale),military,1111,false,400,400
6a5a2938-bb01-4ed0-a69c-24c19a057866,1,289,0dabae83-9f6b-4103-8a6f-e1782f088964,1775141181010,Thu Apr 02 2026 14:46:21 GMT+0200 (heure d’été d’Europe centrale),1775141303400,Thu Apr 02 2026 14:48:23 GMT+0200 (heure d’été d’Europe centrale),500,32,1775141286845,Thu Apr 02 2026 14:48:06 GMT+0200 (heure d’été d’Europe centrale),violent,1111,false,400,400
6a5a2938-bb01-4ed0-a69c-24c19a057866,1,289,0dabae83-9f6b-4103-8a6f-e1782f088964,1775141181010,Thu Apr 02 2026 14:46:21 GMT+0200 (heure d’été d’Europe centrale),1775141303400,Thu Apr 02 2026 14:48:23 GMT+0200 (heure d’été d’Europe centrale),500,31,1775141285105,Thu Apr 02 2026 14:48:05 GMT+0200 (heure d’été d’Europe centrale),dangerous,1111,false,400,400
6a5a2938-bb01-4ed0-a69c-24c19a057866,1,289,0dabae83-9f6b-4103-8a6f-e1782f088964,1775141181010,Thu Apr 02 2026 14:46:21 GMT+0200 (heure d’été d’Europe centrale),1775141303400,Thu Apr 02 2026 14:48:23 GMT+0200 (heure d’été d’Europe centrale),500,30,1775141279544,Thu Apr 02 2026 14:47:59 GMT+0200 (heure d’été d’Europe centrale),this,1111,false,400,400
6a5a2938-bb01-4ed0-a69c-24c19a057866,1,289,0dabae83-9f6b-4103-8a6f-e1782f088964,1775141181010,Thu Apr 02 2026 14:46:21 GMT+0200 (heure d’été d’Europe centrale),1775141303400,Thu Apr 02 2026 14:48:23 GMT+0200 (heure d’été d’Europe centrale),500,29,1775141278381,Thu Apr 02 2026 14:47:58 GMT+0200 (heure d’été d’Europe centrale),such,1111,false,400,400
6a5a2938-bb01-4ed0-a69c-24c19a057866,1,289,0dabae83-9f6b-4103-8a6f-e1782f088964,1775141181010,Thu Apr 02 2026 14:46:21 GMT+0200 (heure d’été d’Europe centrale),1775141303400,Thu Apr 02 2026 14:48:23 GMT+0200 (heure d’été d’Europe centrale),500,28,1775141276350,Thu Apr 02 2026 14:47:56 GMT+0200 (heure d’été d’Europe centrale),more,1111,false,400,400
6a5a2938-bb01-4ed0-a69c-24c19a057866,1,289,0dabae83-9f6b-4103-8a6f-e1782f088964,1775141181010,Thu Apr 02 2026 14:46:21 GMT+0200 (heure d’été d’Europe centrale),1775141303400,Thu Apr 02 2026 14:48:23 GMT+0200 (heure d’été d’Europe centrale),500,27,1775141260138,Thu Apr 02 2026 14:47:40 GMT+0200 (heure d’été d’Europe centrale),experts,3333,true,300,400
6a5a2938-bb01-4ed0-a69c-24c19a057866,1,289,0dabae83-9f6b-4103-8a6f-e1782f088964,1775141181010,Thu Apr 02 2026 14:46:21 GMT+0200 (heure d’été d’Europe centrale),1775141303400,Thu Apr 02 2026 14:48:23 GMT+0200 (heure d’été d’Europe centrale),500,26,1775141239966,Thu Apr 02 2026 14:47:19 GMT+0200 (heure d’été d’Europe centrale),some,4444,false,300,300
6a5a2938-bb01-4ed0-a69c-24c19a057866,1,289,0dabae83-9f6b-4103-8a6f-e1782f088964,1775141181010,Thu Apr 02 2026 14:46:21 GMT+0200 (heure d’été d’Europe centrale),1775141303400,Thu Apr 02 2026 14:48:23 GMT+0200 (heure d’été d’Europe centrale),500,25,1775141234517,Thu Apr 02 2026 14:47:14 GMT+0200 (heure d’été d’Europe centrale),12,4444,false,300,300
6a5a2938-bb01-4ed0-a69c-24c19a057866,1,289,0dabae83-9f6b-4103-8a6f-e1782f088964,1775141181010,Thu Apr 02 2026 14:46:21 GMT+0200 (heure d’été d’Europe centrale),1775141303400,Thu Apr 02 2026 14:48:23 GMT+0200 (heure d’été d’Europe centrale),500,24,1775141233556,Thu Apr 02 2026 14:47:13 GMT+0200 (heure d’été d’Europe centrale),1,4444,false,300,300
6a5a2938-bb01-4ed0-a69c-24c19a057866,1,289,0dabae83-9f6b-4103-8a6f-e1782f088964,1775141181010,Thu Apr 02 2026 14:46:21 GMT+0200 (heure d’été d’Europe centrale),1775141303400,Thu Apr 02 2026 14:48:23 GMT+0200 (heure d’été d’Europe centrale),500,23,1775141232834,Thu Apr 02 2026 14:47:12 GMT+0200 (heure d’été d’Europe centrale),10,4444,false,300,300
6a5a2938-bb01-4ed0-a69c-24c19a057866,1,289,0dabae83-9f6b-4103-8a6f-e1782f088964,1775141181010,Thu Apr 02 2026 14:46:21 GMT+0200 (heure d’été d’Europe centrale),1775141303400,Thu Apr 02 2026 14:48:23 GMT+0200 (heure d’été d’Europe centrale),500,22,1775141231594,Thu Apr 02 2026 14:47:11 GMT+0200 (heure d’été d’Europe centrale),0,4444,false,300,300
6a5a2938-bb01-4ed0-a69c-24c19a057866,1,289,0dabae83-9f6b-4103-8a6f-e1782f088964,1775141181010,Thu Apr 02 2026 14:46:21 GMT+0200 (heure d’été d’Europe centrale),1775141303400,Thu Apr 02 2026 14:48:23 GMT+0200 (heure d’été d’Europe centrale),500,21,1775141230986,Thu Apr 02 2026 14:47:10 GMT+0200 (heure d’été d’Europe centrale),9,4444,false,300,300
6a5a2938-bb01-4ed0-a69c-24c19a057866,1,289,0dabae83-9f6b-4103-8a6f-e1782f088964,1775141181010,Thu Apr 02 2026 14:46:21 GMT+0200 (heure d’été d’Europe centrale),1775141303400,Thu Apr 02 2026 14:48:23 GMT+0200 (heure d’été d’Europe centrale),500,20,1775141230515,Thu Apr 02 2026 14:47:10 GMT+0200 (heure d’été d’Europe centrale),8,4444,false,300,300
6a5a2938-bb01-4ed0-a69c-24c19a057866,1,289,0dabae83-9f6b-4103-8a6f-e1782f088964,1775141181010,Thu Apr 02 2026 14:46:21 GMT+0200 (heure d’été d’Europe centrale),1775141303400,Thu Apr 02 2026 14:48:23 GMT+0200 (heure d’été d’Europe centrale),500,19,1775141230121,Thu Apr 02 2026 14:47:10 GMT+0200 (heure d’été d’Europe centrale),7,4444,false,300,300
6a5a2938-bb01-4ed0-a69c-24c19a057866,1,289,0dabae83-9f6b-4103-8a6f-e1782f088964,1775141181010,Thu Apr 02 2026 14:46:21 GMT+0200 (heure d’été d’Europe centrale),1775141303400,Thu Apr 02 2026 14:48:23 GMT+0200 (heure d’été d’Europe centrale),500,18,1775141229891,Thu Apr 02 2026 14:47:09 GMT+0200 (heure d’été d’Europe centrale),6,4444,false,300,300
6a5a2938-bb01-4ed0-a69c-24c19a057866,1,289,0dabae83-9f6b-4103-8a6f-e1782f088964,1775141181010,Thu Apr 02 2026 14:46:21 GMT+0200 (heure d’été d’Europe centrale),1775141303400,Thu Apr 02 2026 14:48:23 GMT+0200 (heure d’été d’Europe centrale),500,17,1775141229677,Thu Apr 02 2026 14:47:09 GMT+0200 (heure d’été d’Europe centrale),5,4444,false,300,300
6a5a2938-bb01-4ed0-a69c-24c19a057866,1,289,0dabae83-9f6b-4103-8a6f-e1782f088964,1775141181010,Thu Apr 02 2026 14:46:21 GMT+0200 (heure d’été d’Europe centrale),1775141303400,Thu Apr 02 2026 14:48:23 GMT+0200 (heure d’été d’Europe centrale),500,16,1775141229367,Thu Apr 02 2026 14:47:09 GMT+0200 (heure d’été d’Europe centrale),4,4444,false,300,300
6a5a2938-bb01-4ed0-a69c-24c19a057866,1,289,0dabae83-9f6b-4103-8a6f-e1782f088964,1775141181010,Thu Apr 02 2026 14:46:21 GMT+0200 (heure d’été d’Europe centrale),1775141303400,Thu Apr 02 2026 14:48:23 GMT+0200 (heure d’été d’Europe centrale),500,15,1775141229122,Thu Apr 02 2026 14:47:09 GMT+0200 (heure d’été d’Europe centrale),3,4444,false,300,300
6a5a2938-bb01-4ed0-a69c-24c19a057866,1,289,0dabae83-9f6b-4103-8a6f-e1782f088964,1775141181010,Thu Apr 02 2026 14:46:21 GMT+0200 (heure d’été d’Europe centrale),1775141303400,Thu Apr 02 2026 14:48:23 GMT+0200 (heure d’été d’Europe centrale),500,14,1775141227969,Thu Apr 02 2026 14:47:07 GMT+0200 (heure d’été d’Europe centrale),eight,4444,false,300,300
6a5a2938-bb01-4ed0-a69c-24c19a057866,1,289,0dabae83-9f6b-4103-8a6f-e1782f088964,1775141181010,Thu Apr 02 2026 14:46:21 GMT+0200 (heure d’été d’Europe centrale),1775141303400,Thu Apr 02 2026 14:48:23 GMT+0200 (heure d’été d’Europe centrale),500,13,1775141226316,Thu Apr 02 2026 14:47:06 GMT+0200 (heure d’été d’Europe centrale),seven,4444,false,300,300
6a5a2938-bb01-4ed0-a69c-24c19a057866,1,289,0dabae83-9f6b-4103-8a6f-e1782f088964,1775141181010,Thu Apr 02 2026 14:46:21 GMT+0200 (heure d’été d’Europe centrale),1775141303400,Thu Apr 02 2026 14:48:23 GMT+0200 (heure d’été d’Europe centrale),500,12,1775141225073,Thu Apr 02 2026 14:47:05 GMT+0200 (heure d’été d’Europe centrale),six,4444,false,300,300
6a5a2938-bb01-4ed0-a69c-24c19a057866,1,289,0dabae83-9f6b-4103-8a6f-e1782f088964,1775141181010,Thu Apr 02 2026 14:46:21 GMT+0200 (heure d’été d’Europe centrale),1775141303400,Thu Apr 02 2026 14:48:23 GMT+0200 (heure d’été d’Europe centrale),500,11,1775141224053,Thu Apr 02 2026 14:47:04 GMT+0200 (heure d’été d’Europe centrale),five,4444,false,300,300
6a5a2938-bb01-4ed0-a69c-24c19a057866,1,289,0dabae83-9f6b-4103-8a6f-e1782f088964,1775141181010,Thu Apr 02 2026 14:46:21 GMT+0200 (heure d’été d’Europe centrale),1775141303400,Thu Apr 02 2026 14:48:23 GMT+0200 (heure d’été d’Europe centrale),500,10,1775141221346,Thu Apr 02 2026 14:47:01 GMT+0200 (heure d’été d’Europe centrale),four,4444,false,300,300
6a5a2938-bb01-4ed0-a69c-24c19a057866,1,289,0dabae83-9f6b-4103-8a6f-e1782f088964,1775141181010,Thu Apr 02 2026 14:46:21 GMT+0200 (heure d’été d’Europe centrale),1775141303400,Thu Apr 02 2026 14:48:23 GMT+0200 (heure d’été d’Europe centrale),500,9,1775141220452,Thu Apr 02 2026 14:47:00 GMT+0200 (heure d’été d’Europe centrale),three,4444,false,300,300
6a5a2938-bb01-4ed0-a69c-24c19a057866,1,289,0dabae83-9f6b-4103-8a6f-e1782f088964,1775141181010,Thu Apr 02 2026 14:46:21 GMT+0200 (heure d’été d’Europe centrale),1775141303400,Thu Apr 02 2026 14:48:23 GMT+0200 (heure d’été d’Europe centrale),500,8,1775141219626,Thu Apr 02 2026 14:46:59 GMT+0200 (heure d’été d’Europe centrale),two,4444,false,300,300
6a5a2938-bb01-4ed0-a69c-24c19a057866,1,289,0dabae83-9f6b-4103-8a6f-e1782f088964,1775141181010,Thu Apr 02 2026 14:46:21 GMT+0200 (heure d’été d’Europe centrale),1775141303400,Thu Apr 02 2026 14:48:23 GMT+0200 (heure d’été d’Europe centrale),500,7,1775141211554,Thu Apr 02 2026 14:46:51 GMT+0200 (heure d’été d’Europe centrale),institute,5555,true,200,300
6a5a2938-bb01-4ed0-a69c-24c19a057866,1,289,0dabae83-9f6b-4103-8a6f-e1782f088964,1775141181010,Thu Apr 02 2026 14:46:21 GMT+0200 (heure d’été d’Europe centrale),1775141303400,Thu Apr 02 2026 14:48:23 GMT+0200 (heure d’été d’Europe centrale),500,6,1775141209492,Thu Apr 02 2026 14:46:49 GMT+0200 (heure d’été d’Europe centrale),department,5555,false,200,200
6a5a2938-bb01-4ed0-a69c-24c19a057866,1,289,0dabae83-9f6b-4103-8a6f-e1782f088964,1775141181010,Thu Apr 02 2026 14:46:21 GMT+0200 (heure d’été d’Europe centrale),1775141303400,Thu Apr 02 2026 14:48:23 GMT+0200 (heure d’été d’Europe centrale),500,5,1775141205294,Thu Apr 02 2026 14:46:45 GMT+0200 (heure d’été d’Europe centrale),implementing,6666,true,100,200
6a5a2938-bb01-4ed0-a69c-24c19a057866,1,289,0dabae83-9f6b-4103-8a6f-e1782f088964,1775141181010,Thu Apr 02 2026 14:46:21 GMT+0200 (heure d’été d’Europe centrale),1775141303400,Thu Apr 02 2026 14:48:23 GMT+0200 (heure d’été d’Europe centrale),500,4,1775141195986,Thu Apr 02 2026 14:46:35 GMT+0200 (heure d’été d’Europe centrale),armed,1111,false,100,100
6a5a2938-bb01-4ed0-a69c-24c19a057866,1,289,0dabae83-9f6b-4103-8a6f-e1782f088964,1775141181010,Thu Apr 02 2026 14:46:21 GMT+0200 (heure d’été d’Europe centrale),1775141303400,Thu Apr 02 2026 14:48:23 GMT+0200 (heure d’été d’Europe centrale),500,3,1775141192808,Thu Apr 02 2026 14:46:32 GMT+0200 (heure d’été d’Europe centrale),increased,1111,false,100,100
6a5a2938-bb01-4ed0-a69c-24c19a057866,1,289,0dabae83-9f6b-4103-8a6f-e1782f088964,1775141181010,Thu Apr 02 2026 14:46:21 GMT+0200 (heure d’été d’Europe centrale),1775141303400,Thu Apr 02 2026 14:48:23 GMT+0200 (heure d’été d’Europe centrale),500,2,1775141190421,Thu Apr 02 2026 14:46:30 GMT+0200 (heure d’été d’Europe centrale),greater,1111,false,100,100
6a5a2938-bb01-4ed0-a69c-24c19a057866,1,289,0dabae83-9f6b-4103-8a6f-e1782f088964,1775141181010,Thu Apr 02 2026 14:46:21 GMT+0200 (heure d’été d’Europe centrale),1775141303400,Thu Apr 02 2026 14:48:23 GMT+0200 (heure d’été d’Europe centrale),500,1,1775141184434,Thu Apr 02 2026 14:46:24 GMT+0200 (heure d’été d’Europe centrale),on,2222,true,0,100
98606495-2cc8-4419-b43b-42fda0faa567,18,288,96a3dab8-d132-4da3-a76a-1ac6f2459208,1775057644728,Wed Apr 01 2026 15:34:04 GMT+0200 (heure d’été d’Europe centrale),1775057766185,Wed Apr 01 2026 15:36:06 GMT+0200 (heure d’été d’Europe centrale),0,1,1775057650794,Wed Apr 01 2026 15:34:10 GMT+0200 (heure d’été d’Europe centrale),joker,5555,false,0,0
98606495-2cc8-4419-b43b-42fda0faa567,18,286,7ca06908-1bd4-4410-a6de-6fa6cbbc8864,1775057348136,Wed Apr 01 2026 15:29:08 GMT+0200 (heure d’été d’Europe centrale),1775057384226,Wed Apr 01 2026 15:29:44 GMT+0200 (heure d’été d’Europe centrale),100,1,1775057375796,Wed Apr 01 2026 15:29:35 GMT+0200 (heure d’été d’Europe centrale),in,1111,true,0,100
250df043-f78d-4871-8ae0-db2cabe76cbf,17,283,3556a812-5f08-4313-9f79-8994aed00d5c,1775035194233,Wed Apr 01 2026 09:19:54 GMT+0200 (heure d’été d’Europe centrale),1775035231731,Wed Apr 01 2026 09:20:31 GMT+0200 (heure d’été d’Europe centrale),100,12,1775035230575,Wed Apr 01 2026 09:20:30 GMT+0200 (heure d’été d’Europe centrale),improve,6666,false,100,100
250df043-f78d-4871-8ae0-db2cabe76cbf,17,283,3556a812-5f08-4313-9f79-8994aed00d5c,1775035194233,Wed Apr 01 2026 09:19:54 GMT+0200 (heure d’été d’Europe centrale),1775035231731,Wed Apr 01 2026 09:20:31 GMT+0200 (heure d’été d’Europe centrale),100,11,1775035223579,Wed Apr 01 2026 09:20:23 GMT+0200 (heure d’été d’Europe centrale),change,6666,false,100,100
250df043-f78d-4871-8ae0-db2cabe76cbf,17,283,3556a812-5f08-4313-9f79-8994aed00d5c,1775035194233,Wed Apr 01 2026 09:19:54 GMT+0200 (heure d’été d’Europe centrale),1775035231731,Wed Apr 01 2026 09:20:31 GMT+0200 (heure d’été d’Europe centrale),100,10,1775035221112,Wed Apr 01 2026 09:20:21 GMT+0200 (heure d’été d’Europe centrale),increase,6666,false,100,100
250df043-f78d-4871-8ae0-db2cabe76cbf,17,283,3556a812-5f08-4313-9f79-8994aed00d5c,1775035194233,Wed Apr 01 2026 09:19:54 GMT+0200 (heure d’été d’Europe centrale),1775035231731,Wed Apr 01 2026 09:20:31 GMT+0200 (heure d’été d’Europe centrale),100,9,1775035213923,Wed Apr 01 2026 09:20:13 GMT+0200 (heure d’été d’Europe centrale),9,4444,false,100,100
250df043-f78d-4871-8ae0-db2cabe76cbf,17,283,3556a812-5f08-4313-9f79-8994aed00d5c,1775035194233,Wed Apr 01 2026 09:19:54 GMT+0200 (heure d’été d’Europe centrale),1775035231731,Wed Apr 01 2026 09:20:31 GMT+0200 (heure d’été d’Europe centrale),100,8,1775035213728,Wed Apr 01 2026 09:20:13 GMT+0200 (heure d’été d’Europe centrale),8,4444,false,100,100
250df043-f78d-4871-8ae0-db2cabe76cbf,17,283,3556a812-5f08-4313-9f79-8994aed00d5c,1775035194233,Wed Apr 01 2026 09:19:54 GMT+0200 (heure d’été d’Europe centrale),1775035231731,Wed Apr 01 2026 09:20:31 GMT+0200 (heure d’été d’Europe centrale),100,7,1775035213350,Wed Apr 01 2026 09:20:13 GMT+0200 (heure d’été d’Europe centrale),7,4444,false,100,100
250df043-f78d-4871-8ae0-db2cabe76cbf,17,283,3556a812-5f08-4313-9f79-8994aed00d5c,1775035194233,Wed Apr 01 2026 09:19:54 GMT+0200 (heure d’été d’Europe centrale),1775035231731,Wed Apr 01 2026 09:20:31 GMT+0200 (heure d’été d’Europe centrale),100,6,1775035213197,Wed Apr 01 2026 09:20:13 GMT+0200 (heure d’été d’Europe centrale),6,4444,false,100,100
250df043-f78d-4871-8ae0-db2cabe76cbf,17,283,3556a812-5f08-4313-9f79-8994aed00d5c,1775035194233,Wed Apr 01 2026 09:19:54 GMT+0200 (heure d’été d’Europe centrale),1775035231731,Wed Apr 01 2026 09:20:31 GMT+0200 (heure d’été d’Europe centrale),100,5,1775035212971,Wed Apr 01 2026 09:20:12 GMT+0200 (heure d’été d’Europe centrale),5,4444,false,100,100
250df043-f78d-4871-8ae0-db2cabe76cbf,17,283,3556a812-5f08-4313-9f79-8994aed00d5c,1775035194233,Wed Apr 01 2026 09:19:54 GMT+0200 (heure d’été d’Europe centrale),1775035231731,Wed Apr 01 2026 09:20:31 GMT+0200 (heure d’été d’Europe centrale),100,4,1775035212767,Wed Apr 01 2026 09:20:12 GMT+0200 (heure d’été d’Europe centrale),4,4444,false,100,100
250df043-f78d-4871-8ae0-db2cabe76cbf,17,283,3556a812-5f08-4313-9f79-8994aed00d5c,1775035194233,Wed Apr 01 2026 09:19:54 GMT+0200 (heure d’été d’Europe centrale),1775035231731,Wed Apr 01 2026 09:20:31 GMT+0200 (heure d’été d’Europe centrale),100,3,1775035212469,Wed Apr 01 2026 09:20:12 GMT+0200 (heure d’été d’Europe centrale),3,4444,false,100,100
250df043-f78d-4871-8ae0-db2cabe76cbf,17,283,3556a812-5f08-4313-9f79-8994aed00d5c,1775035194233,Wed Apr 01 2026 09:19:54 GMT+0200 (heure d’été d’Europe centrale),1775035231731,Wed Apr 01 2026 09:20:31 GMT+0200 (heure d’été d’Europe centrale),100,2,1775035205786,Wed Apr 01 2026 09:20:05 GMT+0200 (heure d’été d’Europe centrale),key,1111,true,0,100
250df043-f78d-4871-8ae0-db2cabe76cbf,17,283,3556a812-5f08-4313-9f79-8994aed00d5c,1775035194233,Wed Apr 01 2026 09:19:54 GMT+0200 (heure d’été d’Europe centrale),1775035231731,Wed Apr 01 2026 09:20:31 GMT+0200 (heure d’été d’Europe centrale),100,1,1775035200504,Wed Apr 01 2026 09:20:00 GMT+0200 (heure d’été d’Europe centrale),problems,3333,false,0,0
6a5a2938-bb01-4ed0-a69c-24c19a057866,1,282,f71464ff-4f28-4ff0-a124-8048ce77f6c7,1775035125250,Wed Apr 01 2026 09:18:45 GMT+0200 (heure d’été d’Europe centrale),1775035177444,Wed Apr 01 2026 09:19:37 GMT+0200 (heure d’été d’Europe centrale),100,14,1775035175349,Wed Apr 01 2026 09:19:35 GMT+0200 (heure d’été d’Europe centrale),1996,4444,true,0,100
6a5a2938-bb01-4ed0-a69c-24c19a057866,1,282,f71464ff-4f28-4ff0-a124-8048ce77f6c7,1775035125250,Wed Apr 01 2026 09:18:45 GMT+0200 (heure d’été d’Europe centrale),1775035177444,Wed Apr 01 2026 09:19:37 GMT+0200 (heure d’été d’Europe centrale),100,13,1775035173906,Wed Apr 01 2026 09:19:33 GMT+0200 (heure d’été d’Europe centrale),1997,4444,false,0,0
6a5a2938-bb01-4ed0-a69c-24c19a057866,1,282,f71464ff-4f28-4ff0-a124-8048ce77f6c7,1775035125250,Wed Apr 01 2026 09:18:45 GMT+0200 (heure d’été d’Europe centrale),1775035177444,Wed Apr 01 2026 09:19:37 GMT+0200 (heure d’été d’Europe centrale),100,12,1775035172816,Wed Apr 01 2026 09:19:32 GMT+0200 (heure d’été d’Europe centrale),1995,4444,false,0,0
6a5a2938-bb01-4ed0-a69c-24c19a057866,1,282,f71464ff-4f28-4ff0-a124-8048ce77f6c7,1775035125250,Wed Apr 01 2026 09:18:45 GMT+0200 (heure d’été d’Europe centrale),1775035177444,Wed Apr 01 2026 09:19:37 GMT+0200 (heure d’été d’Europe centrale),100,11,1775035168196,Wed Apr 01 2026 09:19:28 GMT+0200 (heure d’été d’Europe centrale),national,1111,false,0,0
6a5a2938-bb01-4ed0-a69c-24c19a057866,1,282,f71464ff-4f28-4ff0-a124-8048ce77f6c7,1775035125250,Wed Apr 01 2026 09:18:45 GMT+0200 (heure d’été d’Europe centrale),1775035177444,Wed Apr 01 2026 09:19:37 GMT+0200 (heure d’été d’Europe centrale),100,10,1775035156349,Wed Apr 01 2026 09:19:16 GMT+0200 (heure d’été d’Europe centrale),brazil,5555,false,0,0
6a5a2938-bb01-4ed0-a69c-24c19a057866,1,282,f71464ff-4f28-4ff0-a124-8048ce77f6c7,1775035125250,Wed Apr 01 2026 09:18:45 GMT+0200 (heure d’été d’Europe centrale),1775035177444,Wed Apr 01 2026 09:19:37 GMT+0200 (heure d’été d’Europe centrale),100,9,1775035154584,Wed Apr 01 2026 09:19:14 GMT+0200 (heure d’été d’Europe centrale),luka,5555,false,0,0
6a5a2938-bb01-4ed0-a69c-24c19a057866,1,282,f71464ff-4f28-4ff0-a124-8048ce77f6c7,1775035125250,Wed Apr 01 2026 09:18:45 GMT+0200 (heure d’été d’Europe centrale),1775035177444,Wed Apr 01 2026 09:19:37 GMT+0200 (heure d’été d’Europe centrale),100,8,1775035150778,Wed Apr 01 2026 09:19:10 GMT+0200 (heure d’été d’Europe centrale),trump,5555,false,0,0
6a5a2938-bb01-4ed0-a69c-24c19a057866,1,282,f71464ff-4f28-4ff0-a124-8048ce77f6c7,1775035125250,Wed Apr 01 2026 09:18:45 GMT+0200 (heure d’été d’Europe centrale),1775035177444,Wed Apr 01 2026 09:19:37 GMT+0200 (heure d’été d’Europe centrale),100,7,1775035144337,Wed Apr 01 2026 09:19:04 GMT+0200 (heure d’été d’Europe centrale),by,2222,false,0,0
6a5a2938-bb01-4ed0-a69c-24c19a057866,1,282,f71464ff-4f28-4ff0-a124-8048ce77f6c7,1775035125250,Wed Apr 01 2026 09:18:45 GMT+0200 (heure d’été d’Europe centrale),1775035177444,Wed Apr 01 2026 09:19:37 GMT+0200 (heure d’été d’Europe centrale),100,6,1775035142431,Wed Apr 01 2026 09:19:02 GMT+0200 (heure d’été d’Europe centrale),from,2222,false,0,0
6a5a2938-bb01-4ed0-a69c-24c19a057866,1,282,f71464ff-4f28-4ff0-a124-8048ce77f6c7,1775035125250,Wed Apr 01 2026 09:18:45 GMT+0200 (heure d’été d’Europe centrale),1775035177444,Wed Apr 01 2026 09:19:37 GMT+0200 (heure d’été d’Europe centrale),100,5,1775035135536,Wed Apr 01 2026 09:18:55 GMT+0200 (heure d’été d’Europe centrale),since,2222,false,0,0
6a5a2938-bb01-4ed0-a69c-24c19a057866,1,282,f71464ff-4f28-4ff0-a124-8048ce77f6c7,1775035125250,Wed Apr 01 2026 09:18:45 GMT+0200 (heure d’été d’Europe centrale),1775035177444,Wed Apr 01 2026 09:19:37 GMT+0200 (heure d’été d’Europe centrale),100,4,1775035134715,Wed Apr 01 2026 09:18:54 GMT+0200 (heure d’été d’Europe centrale),following,2222,false,0,0
6a5a2938-bb01-4ed0-a69c-24c19a057866,1,282,f71464ff-4f28-4ff0-a124-8048ce77f6c7,1775035125250,Wed Apr 01 2026 09:18:45 GMT+0200 (heure d’été d’Europe centrale),1775035177444,Wed Apr 01 2026 09:19:37 GMT+0200 (heure d’été d’Europe centrale),100,3,1775035132194,Wed Apr 01 2026 09:18:52 GMT+0200 (heure d’été d’Europe centrale),after,2222,false,0,0
6a5a2938-bb01-4ed0-a69c-24c19a057866,1,282,f71464ff-4f28-4ff0-a124-8048ce77f6c7,1775035125250,Wed Apr 01 2026 09:18:45 GMT+0200 (heure d’été d’Europe centrale),1775035177444,Wed Apr 01 2026 09:19:37 GMT+0200 (heure d’été d’Europe centrale),100,2,1775035129824,Wed Apr 01 2026 09:18:49 GMT+0200 (heure d’été d’Europe centrale),on,2222,false,0,0
6a5a2938-bb01-4ed0-a69c-24c19a057866,1,282,f71464ff-4f28-4ff0-a124-8048ce77f6c7,1775035125250,Wed Apr 01 2026 09:18:45 GMT+0200 (heure d’été d’Europe centrale),1775035177444,Wed Apr 01 2026 09:19:37 GMT+0200 (heure d’été d’Europe centrale),100,1,1775035128463,Wed Apr 01 2026 09:18:48 GMT+0200 (heure d’été d’Europe centrale),in,2222,false,0,0
6a5a2938-bb01-4ed0-a69c-24c19a057866,1,281,a82dddae-3233-4e1e-852b-39f835cc9f29,1774995608013,Tue Mar 31 2026 22:20:08 GMT+0200 (heure d’été d’Europe centrale),1774995666073,Tue Mar 31 2026 22:21:06 GMT+0200 (heure d’été d’Europe centrale),100,7,1774995663697,Tue Mar 31 2026 22:21:03 GMT+0200 (heure d’été d’Europe centrale),many,1111,false,100,100
6a5a2938-bb01-4ed0-a69c-24c19a057866,1,281,a82dddae-3233-4e1e-852b-39f835cc9f29,1774995608013,Tue Mar 31 2026 22:20:08 GMT+0200 (heure d’été d’Europe centrale),1774995666073,Tue Mar 31 2026 22:21:06 GMT+0200 (heure d’été d’Europe centrale),100,6,1774995640959,Tue Mar 31 2026 22:20:40 GMT+0200 (heure d’été d’Europe centrale),mining,6666,false,100,100
6a5a2938-bb01-4ed0-a69c-24c19a057866,1,281,a82dddae-3233-4e1e-852b-39f835cc9f29,1774995608013,Tue Mar 31 2026 22:20:08 GMT+0200 (heure d’été d’Europe centrale),1774995666073,Tue Mar 31 2026 22:21:06 GMT+0200 (heure d’été d’Europe centrale),100,5,1774995639989,Tue Mar 31 2026 22:20:39 GMT+0200 (heure d’été d’Europe centrale),transporting,6666,false,100,100
6a5a2938-bb01-4ed0-a69c-24c19a057866,1,281,a82dddae-3233-4e1e-852b-39f835cc9f29,1774995608013,Tue Mar 31 2026 22:20:08 GMT+0200 (heure d’été d’Europe centrale),1774995666073,Tue Mar 31 2026 22:21:06 GMT+0200 (heure d’été d’Europe centrale),100,4,1774995635498,Tue Mar 31 2026 22:20:35 GMT+0200 (heure d’été d’Europe centrale),transportin,6666,false,100,100
6a5a2938-bb01-4ed0-a69c-24c19a057866,1,281,a82dddae-3233-4e1e-852b-39f835cc9f29,1774995608013,Tue Mar 31 2026 22:20:08 GMT+0200 (heure d’été d’Europe centrale),1774995666073,Tue Mar 31 2026 22:21:06 GMT+0200 (heure d’été d’Europe centrale),100,3,1774995630377,Tue Mar 31 2026 22:20:30 GMT+0200 (heure d’été d’Europe centrale),selling,6666,false,100,100
6a5a2938-bb01-4ed0-a69c-24c19a057866,1,281,a82dddae-3233-4e1e-852b-39f835cc9f29,1774995608013,Tue Mar 31 2026 22:20:08 GMT+0200 (heure d’été d’Europe centrale),1774995666073,Tue Mar 31 2026 22:21:06 GMT+0200 (heure d’été d’Europe centrale),100,2,1774995628922,Tue Mar 31 2026 22:20:28 GMT+0200 (heure d’été d’Europe centrale),buying,6666,false,100,100
6a5a2938-bb01-4ed0-a69c-24c19a057866,1,281,a82dddae-3233-4e1e-852b-39f835cc9f29,1774995608013,Tue Mar 31 2026 22:20:08 GMT+0200 (heure d’été d’Europe centrale),1774995666073,Tue Mar 31 2026 22:21:06 GMT+0200 (heure d’été d’Europe centrale),100,1,1774995611439,Tue Mar 31 2026 22:20:11 GMT+0200 (heure d’été d’Europe centrale),to,2222,true,0,100